>484	gc	0.57	seqlen	100
>908	gc	0.47	seqlen	100
>1570	gc	0.50	seqlen	100
>977	gc	0.54	seqlen	100
>1362	gc	0.58	seqlen	100
>1043	gc	0.63	seqlen	100
>1400	gc	0.63	seqlen	100
>750	gc	0.49	seqlen	100
>661	gc	0.52	seqlen	100
>41	gc	0.51	seqlen	100
>1952	gc	0.52	seqlen	100
>1211	gc	0.44	seqlen	100
>1990	gc	0.53	seqlen	100
>276	gc	0.46	seqlen	100
>1015	gc	0.55	seqlen	100
>1157	gc	0.42	seqlen	100
>272	gc	0.49	seqlen	100
>1098	gc	0.52	seqlen	100
>950	gc	0.48	seqlen	100
>1983	gc	0.54	seqlen	100
>1389	gc	0.58	seqlen	100
>1927	gc	0.44	seqlen	100
>1177	gc	0.44	seqlen	100
>1437	gc	0.54	seqlen	100
>1702	gc	0.53	seqlen	100
>533	gc	0.50	seqlen	100
>991	gc	0.52	seqlen	100
>777	gc	0.48	seqlen	100
>1865	gc	0.45	seqlen	100
>6	gc	0.47	seqlen	100
>134	gc	0.51	seqlen	100
>183	gc	0.45	seqlen	100
>845	gc	0.51	seqlen	100
>637	gc	0.48	seqlen	100
>628	gc	0.50	seqlen	100
>1497	gc	0.57	seqlen	100
>1292	gc	0.48	seqlen	100
>481	gc	0.43	seqlen	100
>1409	gc	0.56	seqlen	100
>1268	gc	0.51	seqlen	100
>248	gc	0.52	seqlen	100
>449	gc	0.47	seqlen	100
>1707	gc	0.49	seqlen	100
>1225	gc	0.48	seqlen	100
>1230	gc	0.44	seqlen	100
>1524	gc	0.39	seqlen	100
>1433	gc	0.51	seqlen	100
>1444	gc	0.52	seqlen	100
>1258	gc	0.49	seqlen	100
>1031	gc	0.49	seqlen	100
>927	gc	0.45	seqlen	100
>1259	gc	0.56	seqlen	100
>498	gc	0.49	seqlen	100
>301	gc	0.51	seqlen	100
>1184	gc	0.56	seqlen	100
>720	gc	0.52	seqlen	100
>1286	gc	0.56	seqlen	100
>175	gc	0.56	seqlen	100
>607	gc	0.51	seqlen	100
>1257	gc	0.46	seqlen	100
>1514	gc	0.53	seqlen	100
>217	gc	0.54	seqlen	100
>1612	gc	0.57	seqlen	100
>157	gc	0.44	seqlen	100
>1089	gc	0.53	seqlen	100
>70	gc	0.54	seqlen	100
>819	gc	0.55	seqlen	100
>1846	gc	0.50	seqlen	100
>278	gc	0.57	seqlen	100
>980	gc	0.57	seqlen	100
>1412	gc	0.59	seqlen	100
>1976	gc	0.41	seqlen	100
>918	gc	0.52	seqlen	100
>707	gc	0.54	seqlen	100
>244	gc	0.54	seqlen	100
>253	gc	0.55	seqlen	100
>371	gc	0.47	seqlen	100
>875	gc	0.54	seqlen	100
>657	gc	0.51	seqlen	100
>316	gc	0.56	seqlen	100
>1799	gc	0.54	seqlen	100
>1571	gc	0.51	seqlen	100
>852	gc	0.53	seqlen	100
>1960	gc	0.54	seqlen	100
>285	gc	0.57	seqlen	100
>126	gc	0.50	seqlen	100
>1465	gc	0.51	seqlen	100
>1485	gc	0.46	seqlen	100
>1249	gc	0.46	seqlen	100
>1072	gc	0.54	seqlen	100
>912	gc	0.43	seqlen	100
>1792	gc	0.45	seqlen	100
>1317	gc	0.52	seqlen	100
>839	gc	0.59	seqlen	100
>874	gc	0.51	seqlen	100
>1904	gc	0.59	seqlen	100
>1407	gc	0.52	seqlen	100
>171	gc	0.48	seqlen	100
>1968	gc	0.53	seqlen	100
>1296	gc	0.52	seqlen	100
>550	gc	0.49	seqlen	100
>738	gc	0.46	seqlen	100
>554	gc	0.50	seqlen	100
>260	gc	0.54	seqlen	100
>73	gc	0.51	seqlen	100
>86	gc	0.50	seqlen	100
>477	gc	0.46	seqlen	100
>679	gc	0.64	seqlen	100
>503	gc	0.57	seqlen	100
>1661	gc	0.54	seqlen	100
>805	gc	0.48	seqlen	100
>193	gc	0.47	seqlen	100
>1810	gc	0.62	seqlen	100
>529	gc	0.49	seqlen	100
>1636	gc	0.53	seqlen	100
>1964	gc	0.44	seqlen	100
>929	gc	0.52	seqlen	100
>1866	gc	0.55	seqlen	100
>1459	gc	0.44	seqlen	100
>56	gc	0.50	seqlen	100
>1392	gc	0.51	seqlen	100
>1365	gc	0.49	seqlen	100
>1853	gc	0.52	seqlen	100
>1616	gc	0.48	seqlen	100
>1978	gc	0.55	seqlen	100
>1104	gc	0.40	seqlen	100
>1958	gc	0.55	seqlen	100
>887	gc	0.51	seqlen	100
>120	gc	0.57	seqlen	100
>1868	gc	0.55	seqlen	100
>1812	gc	0.52	seqlen	100
>671	gc	0.50	seqlen	100
>1794	gc	0.53	seqlen	100
>1270	gc	0.45	seqlen	100
>595	gc	0.48	seqlen	100
>1534	gc	0.48	seqlen	100
>1355	gc	0.50	seqlen	100
>1490	gc	0.48	seqlen	100
>1631	gc	0.50	seqlen	100
>1071	gc	0.61	seqlen	100
>1074	gc	0.50	seqlen	100
>129	gc	0.57	seqlen	100
>1745	gc	0.43	seqlen	100
>282	gc	0.49	seqlen	100
>577	gc	0.51	seqlen	100
>608	gc	0.46	seqlen	100
>1793	gc	0.51	seqlen	100
>572	gc	0.54	seqlen	100
>106	gc	0.56	seqlen	100
>1375	gc	0.45	seqlen	100
>1483	gc	0.54	seqlen	100
>1451	gc	0.47	seqlen	100
>728	gc	0.49	seqlen	100
>1732	gc	0.41	seqlen	100
>2	gc	0.54	seqlen	100
>1378	gc	0.47	seqlen	100
>326	gc	0.50	seqlen	100
>343	gc	0.46	seqlen	100
>1238	gc	0.45	seqlen	100
>538	gc	0.47	seqlen	100
>13	gc	0.52	seqlen	100
>1466	gc	0.50	seqlen	100
>954	gc	0.35	seqlen	100
>934	gc	0.52	seqlen	100
>453	gc	0.47	seqlen	100
>709	gc	0.53	seqlen	100
>1549	gc	0.54	seqlen	100
>97	gc	0.53	seqlen	100
>354	gc	0.47	seqlen	100
>64	gc	0.50	seqlen	100
>110	gc	0.51	seqlen	100
>1123	gc	0.52	seqlen	100
>1520	gc	0.59	seqlen	100
>1427	gc	0.38	seqlen	100
>1838	gc	0.42	seqlen	100
>1603	gc	0.54	seqlen	100
>1620	gc	0.50	seqlen	100
>1942	gc	0.47	seqlen	100
>8	gc	0.49	seqlen	100
>1896	gc	0.56	seqlen	100
>243	gc	0.47	seqlen	100
>1494	gc	0.48	seqlen	100
>545	gc	0.49	seqlen	100
>726	gc	0.56	seqlen	100
>1786	gc	0.48	seqlen	100
>1749	gc	0.52	seqlen	100
>1265	gc	0.52	seqlen	100
>903	gc	0.42	seqlen	100
>464	gc	0.42	seqlen	100
>10	gc	0.50	seqlen	100
>1075	gc	0.50	seqlen	100
>1217	gc	0.49	seqlen	100
>878	gc	0.56	seqlen	100
>975	gc	0.51	seqlen	100
>447	gc	0.46	seqlen	100
>1693	gc	0.50	seqlen	100
>1697	gc	0.46	seqlen	100
>1864	gc	0.53	seqlen	100
>146	gc	0.46	seqlen	100
>947	gc	0.50	seqlen	100
>277	gc	0.38	seqlen	100
>1046	gc	0.48	seqlen	100
>1759	gc	0.47	seqlen	100
>330	gc	0.41	seqlen	100
>769	gc	0.44	seqlen	100
>116	gc	0.58	seqlen	100
>1492	gc	0.47	seqlen	100
>1376	gc	0.48	seqlen	100
>1449	gc	0.54	seqlen	100
>1982	gc	0.54	seqlen	100
>167	gc	0.56	seqlen	100
>1567	gc	0.43	seqlen	100
>1247	gc	0.57	seqlen	100
>270	gc	0.50	seqlen	100
>1137	gc	0.50	seqlen	100
>645	gc	0.48	seqlen	100
>1192	gc	0.49	seqlen	100
>495	gc	0.53	seqlen	100
>494	gc	0.50	seqlen	100
>1387	gc	0.51	seqlen	100
>879	gc	0.57	seqlen	100
>1992	gc	0.48	seqlen	100
>953	gc	0.46	seqlen	100
>181	gc	0.47	seqlen	100
>893	gc	0.58	seqlen	100
>327	gc	0.54	seqlen	100
>1347	gc	0.45	seqlen	100
>1133	gc	0.47	seqlen	100
>89	gc	0.50	seqlen	100
>1200	gc	0.38	seqlen	100
>1346	gc	0.48	seqlen	100
>1076	gc	0.52	seqlen	100
>1727	gc	0.49	seqlen	100
>1430	gc	0.48	seqlen	100
>1080	gc	0.50	seqlen	100
>1206	gc	0.52	seqlen	100
>998	gc	0.41	seqlen	100
>691	gc	0.58	seqlen	100
>324	gc	0.54	seqlen	100
>1605	gc	0.57	seqlen	100
>580	gc	0.55	seqlen	100
>1740	gc	0.49	seqlen	100
>842	gc	0.49	seqlen	100
>230	gc	0.50	seqlen	100
>107	gc	0.48	seqlen	100
>1462	gc	0.49	seqlen	100
>1564	gc	0.41	seqlen	100
>1434	gc	0.54	seqlen	100
>764	gc	0.45	seqlen	100
>1414	gc	0.60	seqlen	100
>1239	gc	0.39	seqlen	100
>1827	gc	0.57	seqlen	100
>1183	gc	0.58	seqlen	100
>680	gc	0.52	seqlen	100
>268	gc	0.48	seqlen	100
>762	gc	0.55	seqlen	100
>528	gc	0.46	seqlen	100
>1977	gc	0.56	seqlen	100
>952	gc	0.46	seqlen	100
>1233	gc	0.48	seqlen	100
>19	gc	0.55	seqlen	100
>232	gc	0.54	seqlen	100
>1216	gc	0.44	seqlen	100
>444	gc	0.50	seqlen	100
>807	gc	0.47	seqlen	100
>1281	gc	0.47	seqlen	100
>1085	gc	0.46	seqlen	100
>414	gc	0.55	seqlen	100
>894	gc	0.43	seqlen	100
>1594	gc	0.50	seqlen	100
>1484	gc	0.56	seqlen	100
>622	gc	0.54	seqlen	100
>724	gc	0.51	seqlen	100
>996	gc	0.47	seqlen	100
>312	gc	0.54	seqlen	100
>809	gc	0.46	seqlen	100
>413	gc	0.51	seqlen	100
>1457	gc	0.45	seqlen	100
>522	gc	0.54	seqlen	100
>292	gc	0.50	seqlen	100
>1894	gc	0.46	seqlen	100
>1557	gc	0.53	seqlen	100
>100	gc	0.44	seqlen	100
>1005	gc	0.47	seqlen	100
>72	gc	0.43	seqlen	100
>627	gc	0.45	seqlen	100
>463	gc	0.41	seqlen	100
>358	gc	0.54	seqlen	100
>321	gc	0.48	seqlen	100
>1743	gc	0.49	seqlen	100
>152	gc	0.52	seqlen	100
>1476	gc	0.59	seqlen	100
>525	gc	0.44	seqlen	100
>369	gc	0.45	seqlen	100
>956	gc	0.53	seqlen	100
>1468	gc	0.50	seqlen	100
>1049	gc	0.46	seqlen	100
>1399	gc	0.56	seqlen	100
>1305	gc	0.47	seqlen	100
>721	gc	0.48	seqlen	100
>1253	gc	0.57	seqlen	100
>424	gc	0.63	seqlen	100
>869	gc	0.47	seqlen	100
>1084	gc	0.50	seqlen	100
>1773	gc	0.54	seqlen	100
>856	gc	0.44	seqlen	100
>1795	gc	0.57	seqlen	100
>373	gc	0.48	seqlen	100
>35	gc	0.53	seqlen	100
>1039	gc	0.36	seqlen	100
>1617	gc	0.46	seqlen	100
>1580	gc	0.45	seqlen	100
>614	gc	0.61	seqlen	100
>669	gc	0.52	seqlen	100
>1149	gc	0.56	seqlen	100
>295	gc	0.56	seqlen	100
>1986	gc	0.54	seqlen	100
>173	gc	0.47	seqlen	100
>1313	gc	0.53	seqlen	100
>160	gc	0.54	seqlen	100
>1802	gc	0.56	seqlen	100
>1823	gc	0.52	seqlen	100
>1625	gc	0.49	seqlen	100
>797	gc	0.54	seqlen	100
>850	gc	0.53	seqlen	100
>472	gc	0.45	seqlen	100
>1573	gc	0.52	seqlen	100
>222	gc	0.50	seqlen	100
>166	gc	0.50	seqlen	100
>262	gc	0.58	seqlen	100
>400	gc	0.43	seqlen	100
>755	gc	0.56	seqlen	100
>1103	gc	0.43	seqlen	100
>20	gc	0.50	seqlen	100
>1807	gc	0.55	seqlen	100
>700	gc	0.40	seqlen	100
>931	gc	0.43	seqlen	100
>1284	gc	0.56	seqlen	100
>1959	gc	0.49	seqlen	100
>108	gc	0.46	seqlen	100
>1130	gc	0.55	seqlen	100
>944	gc	0.52	seqlen	100
>596	gc	0.44	seqlen	100
>1935	gc	0.43	seqlen	100
>634	gc	0.64	seqlen	100
>239	gc	0.37	seqlen	100
>900	gc	0.47	seqlen	100
>783	gc	0.54	seqlen	100
>744	gc	0.51	seqlen	100
>889	gc	0.59	seqlen	100
>1938	gc	0.44	seqlen	100
>349	gc	0.47	seqlen	100
>1096	gc	0.56	seqlen	100
>1052	gc	0.43	seqlen	100
>1989	gc	0.45	seqlen	100
>862	gc	0.44	seqlen	100
>411	gc	0.52	seqlen	100
>300	gc	0.45	seqlen	100
>201	gc	0.53	seqlen	100
>105	gc	0.49	seqlen	100
>1481	gc	0.50	seqlen	100
>1926	gc	0.51	seqlen	100
>1143	gc	0.57	seqlen	100
>1094	gc	0.51	seqlen	100
>1737	gc	0.60	seqlen	100
>1658	gc	0.44	seqlen	100
>1264	gc	0.53	seqlen	100
>512	gc	0.50	seqlen	100
>1778	gc	0.49	seqlen	100
>1196	gc	0.54	seqlen	100
>1493	gc	0.43	seqlen	100
>1390	gc	0.58	seqlen	100
>1979	gc	0.47	seqlen	100
>1282	gc	0.43	seqlen	100
>174	gc	0.44	seqlen	100
>749	gc	0.52	seqlen	100
>1750	gc	0.46	seqlen	100
>22	gc	0.57	seqlen	100
>609	gc	0.58	seqlen	100
>331	gc	0.51	seqlen	100
>1666	gc	0.51	seqlen	100
>1754	gc	0.50	seqlen	100
>826	gc	0.50	seqlen	100
>189	gc	0.50	seqlen	100
>653	gc	0.51	seqlen	100
>1277	gc	0.48	seqlen	100
>1289	gc	0.44	seqlen	100
>1344	gc	0.50	seqlen	100
>1568	gc	0.44	seqlen	100
>1728	gc	0.47	seqlen	100
>1532	gc	0.49	seqlen	100
>1001	gc	0.47	seqlen	100
>907	gc	0.57	seqlen	100
>1677	gc	0.55	seqlen	100
>360	gc	0.47	seqlen	100
>1440	gc	0.45	seqlen	100
>1820	gc	0.46	seqlen	100
>26	gc	0.54	seqlen	100
>796	gc	0.57	seqlen	100
>384	gc	0.59	seqlen	100
>461	gc	0.53	seqlen	100
>265	gc	0.64	seqlen	100
>902	gc	0.55	seqlen	100
>140	gc	0.49	seqlen	100
>1955	gc	0.54	seqlen	100
>1207	gc	0.52	seqlen	100
>237	gc	0.48	seqlen	100
>1700	gc	0.43	seqlen	100
>1668	gc	0.49	seqlen	100
>1500	gc	0.45	seqlen	100
>347	gc	0.47	seqlen	100
>390	gc	0.52	seqlen	100
>1147	gc	0.44	seqlen	100
>252	gc	0.48	seqlen	100
>708	gc	0.54	seqlen	100
>1551	gc	0.55	seqlen	100
>1041	gc	0.43	seqlen	100
>1855	gc	0.49	seqlen	100
>75	gc	0.56	seqlen	100
>84	gc	0.51	seqlen	100
>706	gc	0.57	seqlen	100
>1681	gc	0.46	seqlen	100
>1805	gc	0.43	seqlen	100
>775	gc	0.55	seqlen	100
>1203	gc	0.52	seqlen	100
>1770	gc	0.49	seqlen	100
>308	gc	0.43	seqlen	100
>1806	gc	0.44	seqlen	100
>1654	gc	0.60	seqlen	100
>1704	gc	0.58	seqlen	100
>682	gc	0.52	seqlen	100
>509	gc	0.48	seqlen	100
>39	gc	0.52	seqlen	100
>227	gc	0.50	seqlen	100
>1436	gc	0.55	seqlen	100
>766	gc	0.48	seqlen	100
>890	gc	0.52	seqlen	100
>626	gc	0.51	seqlen	100
>12	gc	0.46	seqlen	100
>1185	gc	0.52	seqlen	100
>745	gc	0.44	seqlen	100
>250	gc	0.44	seqlen	100
>383	gc	0.51	seqlen	100
>65	gc	0.52	seqlen	100
>1604	gc	0.50	seqlen	100
>1529	gc	0.47	seqlen	100
>1287	gc	0.46	seqlen	100
>1321	gc	0.56	seqlen	100
>1690	gc	0.58	seqlen	100
>1209	gc	0.51	seqlen	100
>808	gc	0.55	seqlen	100
>761	gc	0.46	seqlen	100
>1633	gc	0.53	seqlen	100
>1271	gc	0.49	seqlen	100
>211	gc	0.54	seqlen	100
>471	gc	0.52	seqlen	100
>711	gc	0.52	seqlen	100
>1088	gc	0.52	seqlen	100
>1997	gc	0.51	seqlen	100
>1328	gc	0.37	seqlen	100
>1808	gc	0.55	seqlen	100
>1634	gc	0.44	seqlen	100
>215	gc	0.53	seqlen	100
>1152	gc	0.56	seqlen	100
>1709	gc	0.52	seqlen	100
>1714	gc	0.37	seqlen	100
>741	gc	0.46	seqlen	100
>1637	gc	0.54	seqlen	100
>405	gc	0.48	seqlen	100
>818	gc	0.46	seqlen	100
>1607	gc	0.58	seqlen	100
>1893	gc	0.50	seqlen	100
>367	gc	0.49	seqlen	100
>731	gc	0.51	seqlen	100
>207	gc	0.52	seqlen	100
>1650	gc	0.43	seqlen	100
>1395	gc	0.47	seqlen	100
>109	gc	0.63	seqlen	100
>747	gc	0.44	seqlen	100
>958	gc	0.54	seqlen	100
>1293	gc	0.57	seqlen	100
>678	gc	0.55	seqlen	100
>377	gc	0.54	seqlen	100
>1423	gc	0.48	seqlen	100
>419	gc	0.52	seqlen	100
>698	gc	0.53	seqlen	100
>559	gc	0.57	seqlen	100
>1307	gc	0.43	seqlen	100
>1419	gc	0.60	seqlen	100
>412	gc	0.53	seqlen	100
>1710	gc	0.41	seqlen	100
>1131	gc	0.42	seqlen	100
>1663	gc	0.49	seqlen	100
>1502	gc	0.50	seqlen	100
>257	gc	0.54	seqlen	100
>763	gc	0.42	seqlen	100
>1712	gc	0.48	seqlen	100
>1644	gc	0.56	seqlen	100
>1584	gc	0.59	seqlen	100
>1509	gc	0.42	seqlen	100
>1308	gc	0.52	seqlen	100
>643	gc	0.48	seqlen	100
>1384	gc	0.44	seqlen	100
>804	gc	0.46	seqlen	100
>393	gc	0.51	seqlen	100
>1013	gc	0.49	seqlen	100
>397	gc	0.50	seqlen	100
>350	gc	0.51	seqlen	100
>197	gc	0.49	seqlen	100
>1885	gc	0.56	seqlen	100
>951	gc	0.54	seqlen	100
>1822	gc	0.53	seqlen	100
>1953	gc	0.52	seqlen	100
>1629	gc	0.52	seqlen	100
>611	gc	0.52	seqlen	100
>1878	gc	0.49	seqlen	100
>1842	gc	0.53	seqlen	100
>1127	gc	0.47	seqlen	100
>1242	gc	0.51	seqlen	100
>177	gc	0.57	seqlen	100
>432	gc	0.55	seqlen	100
>719	gc	0.54	seqlen	100
>1595	gc	0.53	seqlen	100
>263	gc	0.54	seqlen	100
>613	gc	0.47	seqlen	100
>1599	gc	0.49	seqlen	100
>787	gc	0.36	seqlen	100
>24	gc	0.57	seqlen	100
>759	gc	0.45	seqlen	100
>1402	gc	0.50	seqlen	100
>590	gc	0.38	seqlen	100
>1291	gc	0.47	seqlen	100
>1895	gc	0.57	seqlen	100
>1804	gc	0.55	seqlen	100
>1688	gc	0.53	seqlen	100
>288	gc	0.47	seqlen	100
>1126	gc	0.54	seqlen	100
>1101	gc	0.56	seqlen	100
>1479	gc	0.41	seqlen	100
>817	gc	0.46	seqlen	100
>1385	gc	0.39	seqlen	100
>1208	gc	0.60	seqlen	100
>48	gc	0.52	seqlen	100
>133	gc	0.46	seqlen	100
>1974	gc	0.52	seqlen	100
>456	gc	0.46	seqlen	100
>1911	gc	0.55	seqlen	100
>17	gc	0.57	seqlen	100
>233	gc	0.54	seqlen	100
>459	gc	0.58	seqlen	100
>877	gc	0.52	seqlen	100
>1235	gc	0.55	seqlen	100
>1578	gc	0.61	seqlen	100
>1854	gc	0.49	seqlen	100
>685	gc	0.49	seqlen	100
>355	gc	0.52	seqlen	100
>897	gc	0.46	seqlen	100
>208	gc	0.54	seqlen	100
>1608	gc	0.50	seqlen	100
>1724	gc	0.41	seqlen	100
>36	gc	0.49	seqlen	100
>154	gc	0.49	seqlen	100
>1708	gc	0.40	seqlen	100
>1341	gc	0.48	seqlen	100
>1559	gc	0.40	seqlen	100
>1540	gc	0.45	seqlen	100
>1861	gc	0.53	seqlen	100
>144	gc	0.42	seqlen	100
>47	gc	0.53	seqlen	100
>302	gc	0.50	seqlen	100
>399	gc	0.47	seqlen	100
>136	gc	0.50	seqlen	100
>654	gc	0.50	seqlen	100
>1841	gc	0.58	seqlen	100
>74	gc	0.59	seqlen	100
>1628	gc	0.51	seqlen	100
>1556	gc	0.54	seqlen	100
>576	gc	0.37	seqlen	100
>660	gc	0.49	seqlen	100
>1083	gc	0.57	seqlen	100
>228	gc	0.39	seqlen	100
>1762	gc	0.53	seqlen	100
>530	gc	0.56	seqlen	100
>1338	gc	0.61	seqlen	100
>1008	gc	0.49	seqlen	100
>1331	gc	0.57	seqlen	100
>1156	gc	0.40	seqlen	100
>734	gc	0.47	seqlen	100
>489	gc	0.61	seqlen	100
>205	gc	0.54	seqlen	100
>1934	gc	0.49	seqlen	100
>725	gc	0.55	seqlen	100
>1783	gc	0.47	seqlen	100
>341	gc	0.47	seqlen	100
>379	gc	0.51	seqlen	100
>742	gc	0.45	seqlen	100
>1121	gc	0.61	seqlen	100
>1998	gc	0.51	seqlen	100
>815	gc	0.52	seqlen	100
>188	gc	0.50	seqlen	100
>583	gc	0.45	seqlen	100
>1653	gc	0.50	seqlen	100
>1315	gc	0.52	seqlen	100
>1081	gc	0.40	seqlen	100
>1128	gc	0.57	seqlen	100
>1887	gc	0.48	seqlen	100
>502	gc	0.47	seqlen	100
>1288	gc	0.50	seqlen	100
>430	gc	0.58	seqlen	100
>515	gc	0.51	seqlen	100
>38	gc	0.49	seqlen	100
>1329	gc	0.52	seqlen	100
>1863	gc	0.45	seqlen	100
>297	gc	0.42	seqlen	100
>1667	gc	0.55	seqlen	100
>1037	gc	0.44	seqlen	100
>638	gc	0.49	seqlen	100
>1640	gc	0.52	seqlen	100
>1030	gc	0.50	seqlen	100
>712	gc	0.44	seqlen	100
>892	gc	0.55	seqlen	100
>788	gc	0.50	seqlen	100
>534	gc	0.54	seqlen	100
>1769	gc	0.52	seqlen	100
>549	gc	0.43	seqlen	100
>1912	gc	0.44	seqlen	100
>1758	gc	0.51	seqlen	100
>937	gc	0.47	seqlen	100
>1057	gc	0.48	seqlen	100
>517	gc	0.46	seqlen	100
>1506	gc	0.47	seqlen	100
>1361	gc	0.51	seqlen	100
>55	gc	0.51	seqlen	100
>919	gc	0.48	seqlen	100
>313	gc	0.42	seqlen	100
>479	gc	0.47	seqlen	100
>1511	gc	0.47	seqlen	100
>1117	gc	0.47	seqlen	100
>1320	gc	0.53	seqlen	100
>536	gc	0.52	seqlen	100
>1122	gc	0.58	seqlen	100
>155	gc	0.48	seqlen	100
>23	gc	0.48	seqlen	100
>114	gc	0.51	seqlen	100
>1348	gc	0.49	seqlen	100
>356	gc	0.55	seqlen	100
>984	gc	0.58	seqlen	100
>398	gc	0.50	seqlen	100
>1343	gc	0.58	seqlen	100
>1665	gc	0.54	seqlen	100
>1546	gc	0.60	seqlen	100
>1899	gc	0.53	seqlen	100
>1566	gc	0.52	seqlen	100
>1872	gc	0.53	seqlen	100
>372	gc	0.55	seqlen	100
>1495	gc	0.45	seqlen	100
>585	gc	0.45	seqlen	100
>273	gc	0.48	seqlen	100
>199	gc	0.53	seqlen	100
>1877	gc	0.56	seqlen	100
>631	gc	0.50	seqlen	100
>646	gc	0.52	seqlen	100
>1027	gc	0.44	seqlen	100
>1205	gc	0.57	seqlen	100
>1545	gc	0.49	seqlen	100
>1875	gc	0.50	seqlen	100
>612	gc	0.51	seqlen	100
>620	gc	0.53	seqlen	100
>723	gc	0.42	seqlen	100
>1554	gc	0.51	seqlen	100
>837	gc	0.45	seqlen	100
>1044	gc	0.53	seqlen	100
>33	gc	0.54	seqlen	100
>1892	gc	0.51	seqlen	100
>1198	gc	0.57	seqlen	100
>204	gc	0.44	seqlen	100
>111	gc	0.47	seqlen	100
>1860	gc	0.56	seqlen	100
>974	gc	0.62	seqlen	100
>99	gc	0.47	seqlen	100
>1034	gc	0.46	seqlen	100
>901	gc	0.44	seqlen	100
>1971	gc	0.46	seqlen	100
>376	gc	0.53	seqlen	100
>1966	gc	0.57	seqlen	100
>1784	gc	0.52	seqlen	100
>859	gc	0.52	seqlen	100
>429	gc	0.47	seqlen	100
>705	gc	0.60	seqlen	100
>1818	gc	0.59	seqlen	100
>98	gc	0.47	seqlen	100
>1278	gc	0.51	seqlen	100
>1624	gc	0.46	seqlen	100
>1867	gc	0.52	seqlen	100
>1300	gc	0.51	seqlen	100
>793	gc	0.44	seqlen	100
>315	gc	0.49	seqlen	100
>1360	gc	0.48	seqlen	100
>1279	gc	0.51	seqlen	100
>421	gc	0.44	seqlen	100
>824	gc	0.55	seqlen	100
>883	gc	0.55	seqlen	100
>487	gc	0.44	seqlen	100
>370	gc	0.48	seqlen	100
>1181	gc	0.62	seqlen	100
>1160	gc	0.48	seqlen	100
>480	gc	0.49	seqlen	100
>1726	gc	0.53	seqlen	100
>1055	gc	0.53	seqlen	100
>1480	gc	0.49	seqlen	100
>1948	gc	0.52	seqlen	100
>1417	gc	0.46	seqlen	100
>261	gc	0.47	seqlen	100
>1734	gc	0.48	seqlen	100
>968	gc	0.52	seqlen	100
>71	gc	0.55	seqlen	100
>1835	gc	0.52	seqlen	100
>1705	gc	0.57	seqlen	100
>1576	gc	0.56	seqlen	100
>1683	gc	0.44	seqlen	100
>541	gc	0.51	seqlen	100
>286	gc	0.48	seqlen	100
>1021	gc	0.53	seqlen	100
>1073	gc	0.53	seqlen	100
>1706	gc	0.49	seqlen	100
>1359	gc	0.49	seqlen	100
>1252	gc	0.51	seqlen	100
>1943	gc	0.49	seqlen	100
>225	gc	0.50	seqlen	100
>1411	gc	0.58	seqlen	100
>1226	gc	0.49	seqlen	100
>598	gc	0.51	seqlen	100
>853	gc	0.46	seqlen	100
>1569	gc	0.49	seqlen	100
>141	gc	0.47	seqlen	100
>1772	gc	0.49	seqlen	100
>1106	gc	0.57	seqlen	100
>1945	gc	0.45	seqlen	100
>125	gc	0.50	seqlen	100
>344	gc	0.54	seqlen	100
>465	gc	0.56	seqlen	100
>1105	gc	0.51	seqlen	100
>1042	gc	0.51	seqlen	100
>676	gc	0.48	seqlen	100
>1006	gc	0.49	seqlen	100
>1269	gc	0.50	seqlen	100
>1048	gc	0.60	seqlen	100
>1214	gc	0.50	seqlen	100
>334	gc	0.54	seqlen	100
>454	gc	0.45	seqlen	100
>1019	gc	0.45	seqlen	100
>935	gc	0.49	seqlen	100
>1751	gc	0.51	seqlen	100
>14	gc	0.44	seqlen	100
>1739	gc	0.44	seqlen	100
>1212	gc	0.54	seqlen	100
>737	gc	0.54	seqlen	100
>552	gc	0.63	seqlen	100
>740	gc	0.47	seqlen	100
>1163	gc	0.45	seqlen	100
>192	gc	0.46	seqlen	100
>1975	gc	0.42	seqlen	100
>978	gc	0.54	seqlen	100
>615	gc	0.48	seqlen	100
>1995	gc	0.51	seqlen	100
>1304	gc	0.50	seqlen	100
>774	gc	0.51	seqlen	100
>1932	gc	0.44	seqlen	100
>60	gc	0.55	seqlen	100
>1543	gc	0.49	seqlen	100
>220	gc	0.46	seqlen	100
>185	gc	0.50	seqlen	100
>695	gc	0.52	seqlen	100
>632	gc	0.52	seqlen	100
>1901	gc	0.43	seqlen	100
>1905	gc	0.51	seqlen	100
>1363	gc	0.48	seqlen	100
>1672	gc	0.44	seqlen	100
>1848	gc	0.45	seqlen	100
>165	gc	0.61	seqlen	100
>873	gc	0.46	seqlen	100
>132	gc	0.52	seqlen	100
>1803	gc	0.48	seqlen	100
>473	gc	0.45	seqlen	100
>1615	gc	0.48	seqlen	100
>1638	gc	0.49	seqlen	100
>46	gc	0.57	seqlen	100
>792	gc	0.49	seqlen	100
>1099	gc	0.59	seqlen	100
>218	gc	0.49	seqlen	100
>1880	gc	0.49	seqlen	100
>1213	gc	0.48	seqlen	100
>1164	gc	0.57	seqlen	100
>1219	gc	0.52	seqlen	100
>1813	gc	0.44	seqlen	100
>1	gc	0.49	seqlen	100
>1601	gc	0.50	seqlen	100
>1696	gc	0.55	seqlen	100
>1954	gc	0.49	seqlen	100
>782	gc	0.42	seqlen	100
>1275	gc	0.51	seqlen	100
>168	gc	0.60	seqlen	100
>135	gc	0.51	seqlen	100
>1463	gc	0.46	seqlen	100
>1913	gc	0.43	seqlen	100
>1516	gc	0.47	seqlen	100
>563	gc	0.50	seqlen	100
>242	gc	0.60	seqlen	100
>1969	gc	0.47	seqlen	100
>200	gc	0.50	seqlen	100
>468	gc	0.55	seqlen	100
>581	gc	0.50	seqlen	100
>1889	gc	0.53	seqlen	100
>138	gc	0.44	seqlen	100
>455	gc	0.39	seqlen	100
>1801	gc	0.42	seqlen	100
>1684	gc	0.51	seqlen	100
>821	gc	0.52	seqlen	100
>117	gc	0.53	seqlen	100
>1351	gc	0.50	seqlen	100
>1051	gc	0.53	seqlen	100
>130	gc	0.51	seqlen	100
>466	gc	0.46	seqlen	100
>457	gc	0.48	seqlen	100
>1592	gc	0.57	seqlen	100
>410	gc	0.43	seqlen	100
>1678	gc	0.56	seqlen	100
>1515	gc	0.50	seqlen	100
>1503	gc	0.50	seqlen	100
>251	gc	0.52	seqlen	100
>206	gc	0.50	seqlen	100
>1689	gc	0.43	seqlen	100
>880	gc	0.55	seqlen	100
>1779	gc	0.38	seqlen	100
>618	gc	0.51	seqlen	100
>1426	gc	0.57	seqlen	100
>290	gc	0.43	seqlen	100
>433	gc	0.53	seqlen	100
>179	gc	0.60	seqlen	100
>836	gc	0.41	seqlen	100
>1918	gc	0.58	seqlen	100
>1290	gc	0.43	seqlen	100
>1145	gc	0.54	seqlen	100
>1574	gc	0.52	seqlen	100
>1202	gc	0.44	seqlen	100
>970	gc	0.49	seqlen	100
>403	gc	0.45	seqlen	100
>870	gc	0.45	seqlen	100
>812	gc	0.52	seqlen	100
>1840	gc	0.45	seqlen	100
>1246	gc	0.47	seqlen	100
>500	gc	0.49	seqlen	100
>1723	gc	0.50	seqlen	100
>1461	gc	0.49	seqlen	100
>979	gc	0.50	seqlen	100
>733	gc	0.46	seqlen	100
>803	gc	0.49	seqlen	100
>1439	gc	0.46	seqlen	100
>1933	gc	0.54	seqlen	100
>353	gc	0.60	seqlen	100
>1125	gc	0.44	seqlen	100
>1403	gc	0.50	seqlen	100
>972	gc	0.54	seqlen	100
>1342	gc	0.44	seqlen	100
>1598	gc	0.60	seqlen	100
>822	gc	0.57	seqlen	100
>871	gc	0.56	seqlen	100
>121	gc	0.53	seqlen	100
>832	gc	0.57	seqlen	100
>305	gc	0.53	seqlen	100
>997	gc	0.54	seqlen	100
>1182	gc	0.44	seqlen	100
>1301	gc	0.48	seqlen	100
>310	gc	0.57	seqlen	100
>1322	gc	0.39	seqlen	100
>1619	gc	0.48	seqlen	100
>1109	gc	0.49	seqlen	100
>1825	gc	0.57	seqlen	100
>1032	gc	0.49	seqlen	100
>1295	gc	0.48	seqlen	100
>427	gc	0.54	seqlen	100
>210	gc	0.48	seqlen	100
>1547	gc	0.51	seqlen	100
>844	gc	0.48	seqlen	100
>602	gc	0.46	seqlen	100
>1432	gc	0.53	seqlen	100
>406	gc	0.47	seqlen	100
>571	gc	0.41	seqlen	100
>1613	gc	0.54	seqlen	100
>1774	gc	0.42	seqlen	100
>587	gc	0.48	seqlen	100
>1744	gc	0.50	seqlen	100
>1862	gc	0.51	seqlen	100
>1054	gc	0.47	seqlen	100
>1116	gc	0.52	seqlen	100
>1851	gc	0.51	seqlen	100
>1541	gc	0.52	seqlen	100
>592	gc	0.53	seqlen	100
>236	gc	0.44	seqlen	100
>816	gc	0.56	seqlen	100
>1590	gc	0.50	seqlen	100
>851	gc	0.44	seqlen	100
>1194	gc	0.49	seqlen	100
>548	gc	0.41	seqlen	100
>1302	gc	0.42	seqlen	100
>30	gc	0.52	seqlen	100
>417	gc	0.52	seqlen	100
>1482	gc	0.56	seqlen	100
>843	gc	0.54	seqlen	100
>1837	gc	0.50	seqlen	100
>915	gc	0.53	seqlen	100
>460	gc	0.57	seqlen	100
>644	gc	0.53	seqlen	100
>1134	gc	0.47	seqlen	100
>959	gc	0.49	seqlen	100
>1602	gc	0.59	seqlen	100
>540	gc	0.55	seqlen	100
>491	gc	0.53	seqlen	100
>949	gc	0.53	seqlen	100
>304	gc	0.49	seqlen	100
>1729	gc	0.50	seqlen	100
>1405	gc	0.53	seqlen	100
>172	gc	0.62	seqlen	100
>924	gc	0.47	seqlen	100
>1635	gc	0.56	seqlen	100
>1753	gc	0.52	seqlen	100
>284	gc	0.52	seqlen	100
>11	gc	0.52	seqlen	100
>1788	gc	0.50	seqlen	100
>240	gc	0.39	seqlen	100
>1004	gc	0.50	seqlen	100
>1662	gc	0.55	seqlen	100
>352	gc	0.48	seqlen	100
>1386	gc	0.59	seqlen	100
>1622	gc	0.53	seqlen	100
>445	gc	0.60	seqlen	100
>1581	gc	0.53	seqlen	100
>150	gc	0.53	seqlen	100
>1273	gc	0.50	seqlen	100
>446	gc	0.58	seqlen	100
>1408	gc	0.51	seqlen	100
>1522	gc	0.55	seqlen	100
>961	gc	0.49	seqlen	100
>1025	gc	0.57	seqlen	100
>1755	gc	0.44	seqlen	100
>1717	gc	0.53	seqlen	100
>1267	gc	0.43	seqlen	100
>849	gc	0.49	seqlen	100
>1368	gc	0.57	seqlen	100
>1730	gc	0.48	seqlen	100
>1026	gc	0.51	seqlen	100
>1144	gc	0.55	seqlen	100
>1173	gc	0.58	seqlen	100
>535	gc	0.50	seqlen	100
>279	gc	0.52	seqlen	100
>767	gc	0.54	seqlen	100
>213	gc	0.51	seqlen	100
>275	gc	0.59	seqlen	100
>811	gc	0.53	seqlen	100
>1970	gc	0.53	seqlen	100
>1047	gc	0.45	seqlen	100
>269	gc	0.44	seqlen	100
>1197	gc	0.58	seqlen	100
>1435	gc	0.53	seqlen	100
>387	gc	0.48	seqlen	100
>1474	gc	0.53	seqlen	100
>76	gc	0.51	seqlen	100
>85	gc	0.56	seqlen	100
>1166	gc	0.52	seqlen	100
>872	gc	0.59	seqlen	100
>158	gc	0.53	seqlen	100
>677	gc	0.52	seqlen	100
>1575	gc	0.50	seqlen	100
>574	gc	0.44	seqlen	100
>888	gc	0.47	seqlen	100
>758	gc	0.51	seqlen	100
>1555	gc	0.53	seqlen	100
>739	gc	0.52	seqlen	100
>1871	gc	0.45	seqlen	100
>1857	gc	0.52	seqlen	100
>1763	gc	0.54	seqlen	100
>1526	gc	0.51	seqlen	100
>1579	gc	0.54	seqlen	100
>1588	gc	0.40	seqlen	100
>90	gc	0.45	seqlen	100
>543	gc	0.50	seqlen	100
>1124	gc	0.47	seqlen	100
>729	gc	0.50	seqlen	100
>91	gc	0.41	seqlen	100
>1542	gc	0.59	seqlen	100
>1274	gc	0.55	seqlen	100
>143	gc	0.54	seqlen	100
>1136	gc	0.54	seqlen	100
>799	gc	0.53	seqlen	100
>1453	gc	0.49	seqlen	100
>1819	gc	0.57	seqlen	100
>280	gc	0.56	seqlen	100
>96	gc	0.57	seqlen	100
>569	gc	0.47	seqlen	100
>655	gc	0.44	seqlen	100
>29	gc	0.41	seqlen	100
>579	gc	0.55	seqlen	100
>283	gc	0.48	seqlen	100
>511	gc	0.45	seqlen	100
>258	gc	0.48	seqlen	100
>115	gc	0.46	seqlen	100
>212	gc	0.49	seqlen	100
>1881	gc	0.54	seqlen	100
>416	gc	0.51	seqlen	100
>714	gc	0.46	seqlen	100
>1245	gc	0.49	seqlen	100
>1222	gc	0.45	seqlen	100
>833	gc	0.46	seqlen	100
>718	gc	0.44	seqlen	100
>1326	gc	0.53	seqlen	100
>518	gc	0.47	seqlen	100
>497	gc	0.45	seqlen	100
>1460	gc	0.54	seqlen	100
>62	gc	0.49	seqlen	100
>448	gc	0.56	seqlen	100
>1319	gc	0.44	seqlen	100
>1577	gc	0.52	seqlen	100
>254	gc	0.46	seqlen	100
>87	gc	0.46	seqlen	100
>1231	gc	0.39	seqlen	100
>1929	gc	0.55	seqlen	100
>58	gc	0.46	seqlen	100
>823	gc	0.60	seqlen	100
>392	gc	0.46	seqlen	100
>1227	gc	0.45	seqlen	100
>1059	gc	0.47	seqlen	100
>955	gc	0.45	seqlen	100
>361	gc	0.57	seqlen	100
>1782	gc	0.44	seqlen	100
>508	gc	0.48	seqlen	100
>15	gc	0.47	seqlen	100
>547	gc	0.44	seqlen	100
>1398	gc	0.50	seqlen	100
>619	gc	0.57	seqlen	100
>1487	gc	0.60	seqlen	100
>1129	gc	0.48	seqlen	100
>1719	gc	0.53	seqlen	100
>1919	gc	0.48	seqlen	100
>868	gc	0.51	seqlen	100
>558	gc	0.44	seqlen	100
>281	gc	0.51	seqlen	100
>1155	gc	0.45	seqlen	100
>1679	gc	0.58	seqlen	100
>319	gc	0.57	seqlen	100
>203	gc	0.51	seqlen	100
>53	gc	0.52	seqlen	100
>601	gc	0.55	seqlen	100
>623	gc	0.39	seqlen	100
>1916	gc	0.37	seqlen	100
>1251	gc	0.59	seqlen	100
>63	gc	0.44	seqlen	100
>752	gc	0.46	seqlen	100
>616	gc	0.37	seqlen	100
>1413	gc	0.43	seqlen	100
>770	gc	0.51	seqlen	100
>336	gc	0.50	seqlen	100
>307	gc	0.48	seqlen	100
>630	gc	0.44	seqlen	100
>687	gc	0.38	seqlen	100
>885	gc	0.48	seqlen	100
>683	gc	0.54	seqlen	100
>1369	gc	0.52	seqlen	100
>1038	gc	0.50	seqlen	100
>561	gc	0.51	seqlen	100
>857	gc	0.46	seqlen	100
>142	gc	0.48	seqlen	100
>1498	gc	0.46	seqlen	100
>1035	gc	0.50	seqlen	100
>478	gc	0.47	seqlen	100
>625	gc	0.51	seqlen	100
>21	gc	0.46	seqlen	100
>542	gc	0.60	seqlen	100
>1366	gc	0.47	seqlen	100
>562	gc	0.59	seqlen	100
>1215	gc	0.42	seqlen	100
>1685	gc	0.46	seqlen	100
>1448	gc	0.58	seqlen	100
>926	gc	0.53	seqlen	100
>1582	gc	0.52	seqlen	100
>1609	gc	0.55	seqlen	100
>1223	gc	0.52	seqlen	100
>1371	gc	0.57	seqlen	100
>1416	gc	0.50	seqlen	100
>621	gc	0.47	seqlen	100
>1186	gc	0.49	seqlen	100
>591	gc	0.40	seqlen	100
>293	gc	0.52	seqlen	100
>1397	gc	0.54	seqlen	100
>436	gc	0.47	seqlen	100
>1715	gc	0.48	seqlen	100
>92	gc	0.43	seqlen	100
>1364	gc	0.49	seqlen	100
>1811	gc	0.48	seqlen	100
>226	gc	0.51	seqlen	100
>1306	gc	0.46	seqlen	100
>1450	gc	0.55	seqlen	100
>1374	gc	0.47	seqlen	100
>603	gc	0.56	seqlen	100
>359	gc	0.59	seqlen	100
>987	gc	0.51	seqlen	100
>93	gc	0.56	seqlen	100
>81	gc	0.39	seqlen	100
>322	gc	0.50	seqlen	100
>692	gc	0.53	seqlen	100
>1210	gc	0.59	seqlen	100
>50	gc	0.49	seqlen	100
>241	gc	0.54	seqlen	100
>642	gc	0.59	seqlen	100
>703	gc	0.49	seqlen	100
>1937	gc	0.57	seqlen	100
>306	gc	0.45	seqlen	100
>329	gc	0.55	seqlen	100
>965	gc	0.51	seqlen	100
>1353	gc	0.47	seqlen	100
>1176	gc	0.45	seqlen	100
>1521	gc	0.43	seqlen	100
>123	gc	0.57	seqlen	100
>1504	gc	0.49	seqlen	100
>1671	gc	0.54	seqlen	100
>1036	gc	0.51	seqlen	100
>44	gc	0.54	seqlen	100
>345	gc	0.40	seqlen	100
>1091	gc	0.49	seqlen	100
>957	gc	0.44	seqlen	100
>1940	gc	0.45	seqlen	100
>69	gc	0.49	seqlen	100
>964	gc	0.54	seqlen	100
>57	gc	0.47	seqlen	100
>476	gc	0.51	seqlen	100
>1303	gc	0.57	seqlen	100
>605	gc	0.40	seqlen	100
>1852	gc	0.50	seqlen	100
>1455	gc	0.45	seqlen	100
>858	gc	0.49	seqlen	100
>867	gc	0.47	seqlen	100
>1530	gc	0.41	seqlen	100
>1178	gc	0.39	seqlen	100
>1544	gc	0.44	seqlen	100
>1882	gc	0.50	seqlen	100
>516	gc	0.50	seqlen	100
>1323	gc	0.59	seqlen	100
>650	gc	0.39	seqlen	100
>214	gc	0.45	seqlen	100
>1060	gc	0.51	seqlen	100
>1276	gc	0.46	seqlen	100
>1377	gc	0.49	seqlen	100
>1839	gc	0.52	seqlen	100
>1984	gc	0.50	seqlen	100
>1420	gc	0.49	seqlen	100
>255	gc	0.48	seqlen	100
>119	gc	0.53	seqlen	100
>1618	gc	0.53	seqlen	100
>1204	gc	0.55	seqlen	100
>333	gc	0.49	seqlen	100
>1340	gc	0.57	seqlen	100
>1158	gc	0.50	seqlen	100
>754	gc	0.42	seqlen	100
>1067	gc	0.55	seqlen	100
>710	gc	0.54	seqlen	100
>1033	gc	0.52	seqlen	100
>0	gc	0.51	seqlen	100
>825	gc	0.46	seqlen	100
>899	gc	0.48	seqlen	100
>374	gc	0.54	seqlen	100
>1470	gc	0.36	seqlen	100
>1928	gc	0.40	seqlen	100
>566	gc	0.55	seqlen	100
>1424	gc	0.52	seqlen	100
>906	gc	0.47	seqlen	100
>665	gc	0.51	seqlen	100
>1189	gc	0.61	seqlen	100
>451	gc	0.42	seqlen	100
>1930	gc	0.55	seqlen	100
>1761	gc	0.54	seqlen	100
>659	gc	0.54	seqlen	100
>1701	gc	0.51	seqlen	100
>395	gc	0.38	seqlen	100
>928	gc	0.53	seqlen	100
>1537	gc	0.46	seqlen	100
>1456	gc	0.50	seqlen	100
>772	gc	0.41	seqlen	100
>948	gc	0.60	seqlen	100
>667	gc	0.51	seqlen	100
>992	gc	0.53	seqlen	100
>1907	gc	0.58	seqlen	100
>1655	gc	0.52	seqlen	100
>1111	gc	0.54	seqlen	100
>1028	gc	0.55	seqlen	100
>1294	gc	0.51	seqlen	100
>651	gc	0.44	seqlen	100
>1040	gc	0.49	seqlen	100
>568	gc	0.51	seqlen	100
>1007	gc	0.46	seqlen	100
>1017	gc	0.45	seqlen	100
>1372	gc	0.44	seqlen	100
>1832	gc	0.55	seqlen	100
>1767	gc	0.38	seqlen	100
>1528	gc	0.49	seqlen	100
>162	gc	0.54	seqlen	100
>798	gc	0.49	seqlen	100
>921	gc	0.49	seqlen	100
>1357	gc	0.47	seqlen	100
>1367	gc	0.54	seqlen	100
>840	gc	0.56	seqlen	100
>182	gc	0.46	seqlen	100
>1859	gc	0.57	seqlen	100
>438	gc	0.59	seqlen	100
>388	gc	0.53	seqlen	100
>1815	gc	0.48	seqlen	100
>485	gc	0.59	seqlen	100
>1056	gc	0.55	seqlen	100
>1428	gc	0.56	seqlen	100
>1162	gc	0.57	seqlen	100
>917	gc	0.55	seqlen	100
>1787	gc	0.58	seqlen	100
>1393	gc	0.56	seqlen	100
>673	gc	0.57	seqlen	100
>1869	gc	0.59	seqlen	100
>776	gc	0.51	seqlen	100
>1167	gc	0.51	seqlen	100
>920	gc	0.48	seqlen	100
>891	gc	0.42	seqlen	100
>1965	gc	0.47	seqlen	100
>61	gc	0.57	seqlen	100
>1350	gc	0.48	seqlen	100
>1967	gc	0.42	seqlen	100
>1876	gc	0.51	seqlen	100
>1560	gc	0.47	seqlen	100
>1900	gc	0.50	seqlen	100
>882	gc	0.52	seqlen	100
>402	gc	0.48	seqlen	100
>1670	gc	0.53	seqlen	100
>640	gc	0.56	seqlen	100
>223	gc	0.46	seqlen	100
>1332	gc	0.59	seqlen	100
>469	gc	0.51	seqlen	100
>1339	gc	0.44	seqlen	100
>1639	gc	0.52	seqlen	100
>1000	gc	0.52	seqlen	100
>1558	gc	0.59	seqlen	100
>34	gc	0.44	seqlen	100
>1920	gc	0.48	seqlen	100
>932	gc	0.51	seqlen	100
>785	gc	0.50	seqlen	100
>1383	gc	0.59	seqlen	100
>994	gc	0.51	seqlen	100
>1741	gc	0.54	seqlen	100
>1003	gc	0.48	seqlen	100
>649	gc	0.57	seqlen	100
>407	gc	0.51	seqlen	100
>697	gc	0.52	seqlen	100
>1597	gc	0.54	seqlen	100
>1985	gc	0.58	seqlen	100
>1847	gc	0.56	seqlen	100
>1336	gc	0.50	seqlen	100
>641	gc	0.43	seqlen	100
>1429	gc	0.60	seqlen	100
>43	gc	0.48	seqlen	100
>1095	gc	0.54	seqlen	100
>1649	gc	0.45	seqlen	100
>195	gc	0.49	seqlen	100
>1475	gc	0.57	seqlen	100
>1018	gc	0.55	seqlen	100
>190	gc	0.50	seqlen	100
>1657	gc	0.46	seqlen	100
>249	gc	0.44	seqlen	100
>1922	gc	0.46	seqlen	100
>985	gc	0.42	seqlen	100
>7	gc	0.44	seqlen	100
>1903	gc	0.58	seqlen	100
>1175	gc	0.47	seqlen	100
>1491	gc	0.45	seqlen	100
>366	gc	0.54	seqlen	100
>1858	gc	0.50	seqlen	100
>831	gc	0.52	seqlen	100
>846	gc	0.53	seqlen	100
>1641	gc	0.44	seqlen	100
>1077	gc	0.53	seqlen	100
>1087	gc	0.58	seqlen	100
>896	gc	0.48	seqlen	100
>1354	gc	0.42	seqlen	100
>1113	gc	0.50	seqlen	100
>364	gc	0.45	seqlen	100
>396	gc	0.52	seqlen	100
>573	gc	0.47	seqlen	100
>1066	gc	0.51	seqlen	100
>652	gc	0.52	seqlen	100
>139	gc	0.41	seqlen	100
>696	gc	0.51	seqlen	100
>1747	gc	0.51	seqlen	100
>810	gc	0.45	seqlen	100
>1120	gc	0.63	seqlen	100
>1915	gc	0.53	seqlen	100
>551	gc	0.46	seqlen	100
>753	gc	0.50	seqlen	100
>967	gc	0.52	seqlen	100
>147	gc	0.56	seqlen	100
>1565	gc	0.58	seqlen	100
>702	gc	0.50	seqlen	100
>1536	gc	0.46	seqlen	100
>1079	gc	0.51	seqlen	100
>1100	gc	0.56	seqlen	100
>462	gc	0.52	seqlen	100
>1682	gc	0.47	seqlen	100
>1652	gc	0.52	seqlen	100
>351	gc	0.51	seqlen	100
>1443	gc	0.56	seqlen	100
>431	gc	0.40	seqlen	100
>910	gc	0.57	seqlen	100
>1821	gc	0.47	seqlen	100
>716	gc	0.50	seqlen	100
>1388	gc	0.37	seqlen	100
>149	gc	0.52	seqlen	100
>942	gc	0.53	seqlen	100
>1248	gc	0.49	seqlen	100
>1660	gc	0.47	seqlen	100
>829	gc	0.48	seqlen	100
>881	gc	0.47	seqlen	100
>1102	gc	0.45	seqlen	100
>1711	gc	0.42	seqlen	100
>663	gc	0.46	seqlen	100
>191	gc	0.50	seqlen	100
>1471	gc	0.53	seqlen	100
>1250	gc	0.51	seqlen	100
>1486	gc	0.51	seqlen	100
>9	gc	0.41	seqlen	100
>1330	gc	0.46	seqlen	100
>94	gc	0.53	seqlen	100
>425	gc	0.53	seqlen	100
>231	gc	0.55	seqlen	100
>1380	gc	0.59	seqlen	100
>988	gc	0.57	seqlen	100
>791	gc	0.49	seqlen	100
>101	gc	0.56	seqlen	100
>303	gc	0.41	seqlen	100
>1220	gc	0.49	seqlen	100
>1191	gc	0.41	seqlen	100
>1694	gc	0.61	seqlen	100
>408	gc	0.54	seqlen	100
>1539	gc	0.45	seqlen	100
>1790	gc	0.50	seqlen	100
>539	gc	0.56	seqlen	100
>1789	gc	0.46	seqlen	100
>1110	gc	0.47	seqlen	100
>768	gc	0.48	seqlen	100
>1316	gc	0.51	seqlen	100
>380	gc	0.60	seqlen	100
>779	gc	0.50	seqlen	100
>496	gc	0.56	seqlen	100
>1016	gc	0.55	seqlen	100
>715	gc	0.49	seqlen	100
>1068	gc	0.52	seqlen	100
>27	gc	0.42	seqlen	100
>1675	gc	0.47	seqlen	100
>1627	gc	0.54	seqlen	100
>1695	gc	0.50	seqlen	100
>1240	gc	0.41	seqlen	100
>1477	gc	0.61	seqlen	100
>1263	gc	0.58	seqlen	100
>537	gc	0.55	seqlen	100
>1507	gc	0.61	seqlen	100
>1883	gc	0.49	seqlen	100
>337	gc	0.43	seqlen	100
>1642	gc	0.47	seqlen	100
>806	gc	0.56	seqlen	100
>124	gc	0.54	seqlen	100
>234	gc	0.53	seqlen	100
>1064	gc	0.45	seqlen	100
>1884	gc	0.49	seqlen	100
>224	gc	0.50	seqlen	100
>1501	gc	0.51	seqlen	100
>1648	gc	0.59	seqlen	100
>1379	gc	0.43	seqlen	100
>722	gc	0.53	seqlen	100
>670	gc	0.47	seqlen	100
>274	gc	0.50	seqlen	100
>256	gc	0.46	seqlen	100
>103	gc	0.53	seqlen	100
>1890	gc	0.47	seqlen	100
>586	gc	0.48	seqlen	100
>1154	gc	0.48	seqlen	100
>916	gc	0.50	seqlen	100
>911	gc	0.51	seqlen	100
>1981	gc	0.49	seqlen	100
>318	gc	0.51	seqlen	100
>1699	gc	0.54	seqlen	100
>1963	gc	0.55	seqlen	100
>1777	gc	0.45	seqlen	100
>886	gc	0.50	seqlen	100
>1489	gc	0.53	seqlen	100
>1923	gc	0.46	seqlen	100
>1119	gc	0.48	seqlen	100
>161	gc	0.48	seqlen	100
>1781	gc	0.49	seqlen	100
>365	gc	0.52	seqlen	100
>1798	gc	0.37	seqlen	100
>1228	gc	0.49	seqlen	100
>1224	gc	0.50	seqlen	100
>1939	gc	0.57	seqlen	100
>743	gc	0.56	seqlen	100
>1190	gc	0.45	seqlen	100
>1874	gc	0.55	seqlen	100
>77	gc	0.53	seqlen	100
>1962	gc	0.54	seqlen	100
>1742	gc	0.46	seqlen	100
>795	gc	0.52	seqlen	100
>247	gc	0.44	seqlen	100
>450	gc	0.52	seqlen	100
>169	gc	0.47	seqlen	100
>544	gc	0.48	seqlen	100
>1097	gc	0.42	seqlen	100
>25	gc	0.50	seqlen	100
>1643	gc	0.46	seqlen	100
>338	gc	0.38	seqlen	100
>1232	gc	0.51	seqlen	100
>386	gc	0.45	seqlen	100
>80	gc	0.47	seqlen	100
>1946	gc	0.46	seqlen	100
>1716	gc	0.57	seqlen	100
>909	gc	0.59	seqlen	100
>1496	gc	0.50	seqlen	100
>493	gc	0.46	seqlen	100
>1561	gc	0.52	seqlen	100
>488	gc	0.48	seqlen	100
>830	gc	0.55	seqlen	100
>1153	gc	0.52	seqlen	100
>170	gc	0.51	seqlen	100
>1010	gc	0.45	seqlen	100
>938	gc	0.44	seqlen	100
>325	gc	0.46	seqlen	100
>773	gc	0.58	seqlen	100
>1132	gc	0.55	seqlen	100
>153	gc	0.45	seqlen	100
>1879	gc	0.59	seqlen	100
>1168	gc	0.60	seqlen	100
>1045	gc	0.57	seqlen	100
>1333	gc	0.48	seqlen	100
>1809	gc	0.43	seqlen	100
>95	gc	0.50	seqlen	100
>435	gc	0.56	seqlen	100
>1850	gc	0.45	seqlen	100
>656	gc	0.51	seqlen	100
>604	gc	0.46	seqlen	100
>1931	gc	0.53	seqlen	100
>1199	gc	0.51	seqlen	100
>1438	gc	0.55	seqlen	100
>556	gc	0.55	seqlen	100
>1243	gc	0.55	seqlen	100
>299	gc	0.43	seqlen	100
>1505	gc	0.58	seqlen	100
>235	gc	0.54	seqlen	100
>28	gc	0.45	seqlen	100
>1606	gc	0.46	seqlen	100
>1022	gc	0.40	seqlen	100
>420	gc	0.60	seqlen	100
>1845	gc	0.53	seqlen	100
>1897	gc	0.51	seqlen	100
>802	gc	0.53	seqlen	100
>1193	gc	0.50	seqlen	100
>79	gc	0.47	seqlen	100
>264	gc	0.46	seqlen	100
>401	gc	0.37	seqlen	100
>1830	gc	0.52	seqlen	100
>510	gc	0.42	seqlen	100
>31	gc	0.56	seqlen	100
>1844	gc	0.59	seqlen	100
>504	gc	0.38	seqlen	100
>1736	gc	0.45	seqlen	100
>1735	gc	0.48	seqlen	100
>1626	gc	0.54	seqlen	100
>1092	gc	0.49	seqlen	100
>1447	gc	0.51	seqlen	100
>67	gc	0.45	seqlen	100
>1870	gc	0.49	seqlen	100
>1533	gc	0.50	seqlen	100
>1988	gc	0.58	seqlen	100
>1733	gc	0.53	seqlen	100
>1454	gc	0.53	seqlen	100
>629	gc	0.52	seqlen	100
>1856	gc	0.55	seqlen	100
>1828	gc	0.51	seqlen	100
>780	gc	0.50	seqlen	100
>1345	gc	0.47	seqlen	100
>1817	gc	0.44	seqlen	100
>1425	gc	0.52	seqlen	100
>1691	gc	0.49	seqlen	100
>1014	gc	0.57	seqlen	100
>686	gc	0.50	seqlen	100
>506	gc	0.54	seqlen	100
>180	gc	0.50	seqlen	100
>989	gc	0.50	seqlen	100
>332	gc	0.51	seqlen	100
>567	gc	0.48	seqlen	100
>1335	gc	0.49	seqlen	100
>1921	gc	0.42	seqlen	100
>982	gc	0.44	seqlen	100
>37	gc	0.47	seqlen	100
>137	gc	0.56	seqlen	100
>1135	gc	0.50	seqlen	100
>898	gc	0.39	seqlen	100
>999	gc	0.43	seqlen	100
>314	gc	0.52	seqlen	100
>287	gc	0.52	seqlen	100
>483	gc	0.46	seqlen	100
>3	gc	0.45	seqlen	100
>492	gc	0.45	seqlen	100
>1647	gc	0.50	seqlen	100
>523	gc	0.60	seqlen	100
>187	gc	0.38	seqlen	100
>519	gc	0.46	seqlen	100
>1593	gc	0.44	seqlen	100
>52	gc	0.37	seqlen	100
>717	gc	0.51	seqlen	100
>983	gc	0.45	seqlen	100
>1237	gc	0.46	seqlen	100
>1221	gc	0.50	seqlen	100
>289	gc	0.47	seqlen	100
>820	gc	0.47	seqlen	100
>18	gc	0.58	seqlen	100
>730	gc	0.48	seqlen	100
>690	gc	0.50	seqlen	100
>848	gc	0.43	seqlen	100
>440	gc	0.48	seqlen	100
>633	gc	0.50	seqlen	100
>693	gc	0.57	seqlen	100
>259	gc	0.47	seqlen	100
>922	gc	0.52	seqlen	100
>1703	gc	0.50	seqlen	100
>1396	gc	0.45	seqlen	100
>82	gc	0.59	seqlen	100
>499	gc	0.53	seqlen	100
>1404	gc	0.54	seqlen	100
>1886	gc	0.57	seqlen	100
>1445	gc	0.53	seqlen	100
>127	gc	0.49	seqlen	100
>557	gc	0.51	seqlen	100
>1272	gc	0.58	seqlen	100
>1082	gc	0.49	seqlen	100
>1676	gc	0.56	seqlen	100
>1553	gc	0.42	seqlen	100
>981	gc	0.48	seqlen	100
>1285	gc	0.55	seqlen	100
>1961	gc	0.61	seqlen	100
>757	gc	0.46	seqlen	100
>1499	gc	0.47	seqlen	100
>443	gc	0.55	seqlen	100
>1090	gc	0.55	seqlen	100
>490	gc	0.51	seqlen	100
>1713	gc	0.52	seqlen	100
>588	gc	0.43	seqlen	100
>1583	gc	0.50	seqlen	100
>701	gc	0.55	seqlen	100
>362	gc	0.46	seqlen	100
>1012	gc	0.50	seqlen	100
>1614	gc	0.44	seqlen	100
>1562	gc	0.48	seqlen	100
>1261	gc	0.52	seqlen	100
>1023	gc	0.55	seqlen	100
>1552	gc	0.59	seqlen	100
>1009	gc	0.45	seqlen	100
>704	gc	0.48	seqlen	100
>553	gc	0.47	seqlen	100
>507	gc	0.38	seqlen	100
>1241	gc	0.60	seqlen	100
>1722	gc	0.54	seqlen	100
>1138	gc	0.52	seqlen	100
>1401	gc	0.49	seqlen	100
>1563	gc	0.43	seqlen	100
>1255	gc	0.50	seqlen	100
>357	gc	0.52	seqlen	100
>1142	gc	0.49	seqlen	100
>841	gc	0.58	seqlen	100
>1382	gc	0.51	seqlen	100
>1070	gc	0.53	seqlen	100
>1201	gc	0.55	seqlen	100
>904	gc	0.48	seqlen	100
>113	gc	0.52	seqlen	100
>45	gc	0.54	seqlen	100
>1768	gc	0.44	seqlen	100
>854	gc	0.56	seqlen	100
>176	gc	0.49	seqlen	100
>1171	gc	0.46	seqlen	100
>594	gc	0.60	seqlen	100
>1632	gc	0.49	seqlen	100
>122	gc	0.41	seqlen	100
>441	gc	0.55	seqlen	100
>1431	gc	0.49	seqlen	100
>1146	gc	0.43	seqlen	100
>1063	gc	0.57	seqlen	100
>674	gc	0.55	seqlen	100
>986	gc	0.61	seqlen	100
>1611	gc	0.48	seqlen	100
>1442	gc	0.52	seqlen	100
>1260	gc	0.50	seqlen	100
>784	gc	0.47	seqlen	100
>1349	gc	0.50	seqlen	100
>976	gc	0.52	seqlen	100
>1180	gc	0.46	seqlen	100
>1898	gc	0.42	seqlen	100
>570	gc	0.52	seqlen	100
>1325	gc	0.43	seqlen	100
>995	gc	0.41	seqlen	100
>790	gc	0.43	seqlen	100
>102	gc	0.55	seqlen	100
>202	gc	0.49	seqlen	100
>1478	gc	0.59	seqlen	100
>639	gc	0.52	seqlen	100
>1589	gc	0.55	seqlen	100
>1910	gc	0.50	seqlen	100
>1093	gc	0.48	seqlen	100
>864	gc	0.46	seqlen	100
>662	gc	0.52	seqlen	100
>1941	gc	0.46	seqlen	100
>51	gc	0.51	seqlen	100
>1310	gc	0.60	seqlen	100
>452	gc	0.46	seqlen	100
>828	gc	0.51	seqlen	100
>1908	gc	0.43	seqlen	100
>267	gc	0.52	seqlen	100
>1987	gc	0.46	seqlen	100
>668	gc	0.60	seqlen	100
>610	gc	0.45	seqlen	100
>317	gc	0.57	seqlen	100
>834	gc	0.38	seqlen	100
>1358	gc	0.50	seqlen	100
>238	gc	0.61	seqlen	100
>309	gc	0.56	seqlen	100
>423	gc	0.44	seqlen	100
>1519	gc	0.55	seqlen	100
>732	gc	0.60	seqlen	100
>1078	gc	0.51	seqlen	100
>1550	gc	0.47	seqlen	100
>474	gc	0.53	seqlen	100
>363	gc	0.56	seqlen	100
>1698	gc	0.45	seqlen	100
>1674	gc	0.46	seqlen	100
>1720	gc	0.44	seqlen	100
>118	gc	0.40	seqlen	100
>426	gc	0.49	seqlen	100
>1902	gc	0.47	seqlen	100
>1721	gc	0.54	seqlen	100
>1957	gc	0.47	seqlen	100
>532	gc	0.49	seqlen	100
>196	gc	0.47	seqlen	100
>800	gc	0.59	seqlen	100
>1925	gc	0.53	seqlen	100
>382	gc	0.46	seqlen	100
>1065	gc	0.54	seqlen	100
>1630	gc	0.44	seqlen	100
>1849	gc	0.55	seqlen	100
>1415	gc	0.51	seqlen	100
>1298	gc	0.47	seqlen	100
>1800	gc	0.52	seqlen	100
>68	gc	0.48	seqlen	100
>1836	gc	0.47	seqlen	100
>1909	gc	0.45	seqlen	100
>296	gc	0.49	seqlen	100
>394	gc	0.49	seqlen	100
>1833	gc	0.48	seqlen	100
>694	gc	0.46	seqlen	100
>940	gc	0.48	seqlen	100
>575	gc	0.52	seqlen	100
>1234	gc	0.54	seqlen	100
>943	gc	0.54	seqlen	100
>520	gc	0.45	seqlen	100
>78	gc	0.56	seqlen	100
>584	gc	0.58	seqlen	100
>1936	gc	0.46	seqlen	100
>814	gc	0.46	seqlen	100
>1418	gc	0.55	seqlen	100
>437	gc	0.50	seqlen	100
>1764	gc	0.53	seqlen	100
>184	gc	0.57	seqlen	100
>1746	gc	0.58	seqlen	100
>486	gc	0.57	seqlen	100
>1318	gc	0.54	seqlen	100
>933	gc	0.53	seqlen	100
>1244	gc	0.44	seqlen	100
>1760	gc	0.48	seqlen	100
>746	gc	0.54	seqlen	100
>786	gc	0.57	seqlen	100
>1053	gc	0.57	seqlen	100
>1980	gc	0.57	seqlen	100
>555	gc	0.44	seqlen	100
>1391	gc	0.52	seqlen	100
>1664	gc	0.46	seqlen	100
>1692	gc	0.49	seqlen	100
>1623	gc	0.45	seqlen	100
>59	gc	0.42	seqlen	100
>1775	gc	0.51	seqlen	100
>1394	gc	0.39	seqlen	100
>40	gc	0.49	seqlen	100
>914	gc	0.51	seqlen	100
>1527	gc	0.52	seqlen	100
>1467	gc	0.51	seqlen	100
>1334	gc	0.52	seqlen	100
>847	gc	0.47	seqlen	100
>1591	gc	0.49	seqlen	100
>1766	gc	0.55	seqlen	100
>221	gc	0.51	seqlen	100
>245	gc	0.51	seqlen	100
>1585	gc	0.49	seqlen	100
>1797	gc	0.48	seqlen	100
>389	gc	0.50	seqlen	100
>328	gc	0.52	seqlen	100
>905	gc	0.42	seqlen	100
>597	gc	0.45	seqlen	100
>1139	gc	0.50	seqlen	100
>838	gc	0.43	seqlen	100
>1944	gc	0.50	seqlen	100
>1659	gc	0.46	seqlen	100
>439	gc	0.52	seqlen	100
>801	gc	0.49	seqlen	100
>1512	gc	0.45	seqlen	100
>624	gc	0.47	seqlen	100
>482	gc	0.49	seqlen	100
>658	gc	0.48	seqlen	100
>527	gc	0.48	seqlen	100
>1757	gc	0.48	seqlen	100
>163	gc	0.43	seqlen	100
>526	gc	0.58	seqlen	100
>1731	gc	0.47	seqlen	100
>1645	gc	0.52	seqlen	100
>1188	gc	0.54	seqlen	100
>960	gc	0.50	seqlen	100
>778	gc	0.54	seqlen	100
>589	gc	0.55	seqlen	100
>1891	gc	0.50	seqlen	100
>1956	gc	0.50	seqlen	100
>1112	gc	0.51	seqlen	100
>501	gc	0.43	seqlen	100
>971	gc	0.47	seqlen	100
>684	gc	0.51	seqlen	100
>442	gc	0.52	seqlen	100
>941	gc	0.54	seqlen	100
>1280	gc	0.55	seqlen	100
>681	gc	0.53	seqlen	100
>1718	gc	0.50	seqlen	100
>216	gc	0.41	seqlen	100
>945	gc	0.46	seqlen	100
>689	gc	0.56	seqlen	100
>524	gc	0.55	seqlen	100
>1029	gc	0.55	seqlen	100
>1488	gc	0.58	seqlen	100
>1738	gc	0.53	seqlen	100
>1572	gc	0.42	seqlen	100
>320	gc	0.51	seqlen	100
>1118	gc	0.49	seqlen	100
>1172	gc	0.50	seqlen	100
>1159	gc	0.51	seqlen	100
>112	gc	0.49	seqlen	100
>1170	gc	0.56	seqlen	100
>335	gc	0.58	seqlen	100
>966	gc	0.46	seqlen	100
>1452	gc	0.41	seqlen	100
>1518	gc	0.46	seqlen	100
>1917	gc	0.54	seqlen	100
>866	gc	0.50	seqlen	100
>1107	gc	0.50	seqlen	100
>699	gc	0.50	seqlen	100
>1373	gc	0.53	seqlen	100
>1951	gc	0.57	seqlen	100
>294	gc	0.57	seqlen	100
>1994	gc	0.55	seqlen	100
>760	gc	0.52	seqlen	100
>855	gc	0.43	seqlen	100
>1610	gc	0.49	seqlen	100
>1256	gc	0.50	seqlen	100
>1686	gc	0.49	seqlen	100
>1873	gc	0.56	seqlen	100
>415	gc	0.46	seqlen	100
>1680	gc	0.46	seqlen	100
>863	gc	0.46	seqlen	100
>1086	gc	0.44	seqlen	100
>990	gc	0.52	seqlen	100
>1525	gc	0.41	seqlen	100
>1422	gc	0.63	seqlen	100
>1114	gc	0.42	seqlen	100
>194	gc	0.46	seqlen	100
>291	gc	0.46	seqlen	100
>219	gc	0.52	seqlen	100
>49	gc	0.48	seqlen	100
>381	gc	0.43	seqlen	100
>1381	gc	0.55	seqlen	100
>1914	gc	0.48	seqlen	100
>1312	gc	0.51	seqlen	100
>913	gc	0.48	seqlen	100
>54	gc	0.49	seqlen	100
>564	gc	0.49	seqlen	100
>1991	gc	0.49	seqlen	100
>1785	gc	0.54	seqlen	100
>1469	gc	0.49	seqlen	100
>813	gc	0.47	seqlen	100
>1973	gc	0.42	seqlen	100
>418	gc	0.53	seqlen	100
>1796	gc	0.41	seqlen	100
>1262	gc	0.51	seqlen	100
>368	gc	0.40	seqlen	100
>271	gc	0.47	seqlen	100
>1508	gc	0.49	seqlen	100
>599	gc	0.46	seqlen	100
>827	gc	0.56	seqlen	100
>635	gc	0.49	seqlen	100
>131	gc	0.58	seqlen	100
>151	gc	0.51	seqlen	100
>1324	gc	0.45	seqlen	100
>1050	gc	0.38	seqlen	100
>648	gc	0.53	seqlen	100
>4	gc	0.45	seqlen	100
>1829	gc	0.53	seqlen	100
>1824	gc	0.39	seqlen	100
>42	gc	0.46	seqlen	100
>1596	gc	0.54	seqlen	100
>514	gc	0.49	seqlen	100
>939	gc	0.41	seqlen	100
>1002	gc	0.47	seqlen	100
>1791	gc	0.40	seqlen	100
>505	gc	0.54	seqlen	100
>1218	gc	0.51	seqlen	100
>298	gc	0.49	seqlen	100
>5	gc	0.55	seqlen	100
>340	gc	0.52	seqlen	100
>565	gc	0.51	seqlen	100
>1254	gc	0.36	seqlen	100
>1950	gc	0.61	seqlen	100
>578	gc	0.49	seqlen	100
>409	gc	0.49	seqlen	100
>936	gc	0.47	seqlen	100
>736	gc	0.55	seqlen	100
>164	gc	0.42	seqlen	100
>1421	gc	0.49	seqlen	100
>895	gc	0.59	seqlen	100
>1906	gc	0.50	seqlen	100
>993	gc	0.41	seqlen	100
>1473	gc	0.52	seqlen	100
>923	gc	0.43	seqlen	100
>1150	gc	0.45	seqlen	100
>1510	gc	0.52	seqlen	100
>475	gc	0.44	seqlen	100
>636	gc	0.41	seqlen	100
>88	gc	0.52	seqlen	100
>1140	gc	0.47	seqlen	100
>835	gc	0.55	seqlen	100
>513	gc	0.59	seqlen	100
>1651	gc	0.48	seqlen	100
>1535	gc	0.45	seqlen	100
>1586	gc	0.53	seqlen	100
>647	gc	0.43	seqlen	100
>1517	gc	0.51	seqlen	100
>789	gc	0.53	seqlen	100
>546	gc	0.49	seqlen	100
>467	gc	0.55	seqlen	100
>1924	gc	0.54	seqlen	100
>1996	gc	0.47	seqlen	100
>1061	gc	0.50	seqlen	100
>765	gc	0.50	seqlen	100
>1179	gc	0.50	seqlen	100
>1538	gc	0.56	seqlen	100
>1108	gc	0.59	seqlen	100
>1464	gc	0.47	seqlen	100
>884	gc	0.55	seqlen	100
>1947	gc	0.56	seqlen	100
>148	gc	0.50	seqlen	100
>1771	gc	0.46	seqlen	100
>969	gc	0.51	seqlen	100
>1169	gc	0.40	seqlen	100
>16	gc	0.52	seqlen	100
>1826	gc	0.42	seqlen	100
>1229	gc	0.36	seqlen	100
>1236	gc	0.49	seqlen	100
>145	gc	0.50	seqlen	100
>925	gc	0.39	seqlen	100
>391	gc	0.55	seqlen	100
>1523	gc	0.43	seqlen	100
>1814	gc	0.47	seqlen	100
>375	gc	0.39	seqlen	100
>1406	gc	0.50	seqlen	100
>159	gc	0.47	seqlen	100
>32	gc	0.50	seqlen	100
>1843	gc	0.47	seqlen	100
>458	gc	0.48	seqlen	100
>865	gc	0.59	seqlen	100
>735	gc	0.56	seqlen	100
>1314	gc	0.61	seqlen	100
>1600	gc	0.49	seqlen	100
>266	gc	0.38	seqlen	100
>428	gc	0.49	seqlen	100
>1058	gc	0.50	seqlen	100
>1587	gc	0.50	seqlen	100
>470	gc	0.46	seqlen	100
>156	gc	0.42	seqlen	100
>781	gc	0.55	seqlen	100
>1337	gc	0.49	seqlen	100
>1669	gc	0.41	seqlen	100
>962	gc	0.52	seqlen	100
>1011	gc	0.54	seqlen	100
>1621	gc	0.39	seqlen	100
>128	gc	0.53	seqlen	100
>1148	gc	0.50	seqlen	100
>178	gc	0.54	seqlen	100
>1458	gc	0.49	seqlen	100
>1816	gc	0.60	seqlen	100
>1311	gc	0.54	seqlen	100
>1195	gc	0.47	seqlen	100
>1141	gc	0.54	seqlen	100
>1327	gc	0.54	seqlen	100
>434	gc	0.41	seqlen	100
>1410	gc	0.47	seqlen	100
>1999	gc	0.57	seqlen	100
>1472	gc	0.53	seqlen	100
>713	gc	0.48	seqlen	100
>311	gc	0.49	seqlen	100
>346	gc	0.48	seqlen	100
>748	gc	0.61	seqlen	100
>1831	gc	0.40	seqlen	100
>198	gc	0.60	seqlen	100
>1441	gc	0.45	seqlen	100
>229	gc	0.44	seqlen	100
>1834	gc	0.45	seqlen	100
>1283	gc	0.50	seqlen	100
>1352	gc	0.40	seqlen	100
>1972	gc	0.45	seqlen	100
>560	gc	0.54	seqlen	100
>600	gc	0.54	seqlen	100
>323	gc	0.55	seqlen	100
>531	gc	0.45	seqlen	100
>385	gc	0.50	seqlen	100
>973	gc	0.48	seqlen	100
>1531	gc	0.44	seqlen	100
>1446	gc	0.57	seqlen	100
>209	gc	0.51	seqlen	100
>342	gc	0.42	seqlen	100
>593	gc	0.57	seqlen	100
>1548	gc	0.53	seqlen	100
>794	gc	0.54	seqlen	100
>1888	gc	0.53	seqlen	100
>672	gc	0.46	seqlen	100
>1780	gc	0.50	seqlen	100
>1161	gc	0.54	seqlen	100
>1656	gc	0.54	seqlen	100
>246	gc	0.52	seqlen	100
>1752	gc	0.43	seqlen	100
>1687	gc	0.49	seqlen	100
>1299	gc	0.49	seqlen	100
>617	gc	0.54	seqlen	100
>861	gc	0.52	seqlen	100
>104	gc	0.53	seqlen	100
>675	gc	0.44	seqlen	100
>751	gc	0.43	seqlen	100
>1646	gc	0.51	seqlen	100
>1020	gc	0.47	seqlen	100
>66	gc	0.58	seqlen	100
>666	gc	0.45	seqlen	100
>756	gc	0.58	seqlen	100
>1725	gc	0.50	seqlen	100
>83	gc	0.45	seqlen	100
>1949	gc	0.49	seqlen	100
>860	gc	0.52	seqlen	100
>422	gc	0.46	seqlen	100
>348	gc	0.47	seqlen	100
>1174	gc	0.51	seqlen	100
>404	gc	0.52	seqlen	100
>1165	gc	0.61	seqlen	100
>1993	gc	0.50	seqlen	100
>1356	gc	0.47	seqlen	100
>186	gc	0.45	seqlen	100
>727	gc	0.47	seqlen	100
>1024	gc	0.50	seqlen	100
>1765	gc	0.42	seqlen	100
>339	gc	0.54	seqlen	100
>1756	gc	0.52	seqlen	100
>521	gc	0.44	seqlen	100
>1069	gc	0.55	seqlen	100
>1151	gc	0.50	seqlen	100
>1748	gc	0.42	seqlen	100
>771	gc	0.46	seqlen	100
>378	gc	0.49	seqlen	100
>1187	gc	0.50	seqlen	100
>1297	gc	0.45	seqlen	100
>1062	gc	0.56	seqlen	100
>946	gc	0.47	seqlen	100
>1776	gc	0.57	seqlen	100
>963	gc	0.56	seqlen	100
>1115	gc	0.44	seqlen	100
>1309	gc	0.51	seqlen	100
>1266	gc	0.55	seqlen	100
>606	gc	0.54	seqlen	100
>1673	gc	0.62	seqlen	100
>664	gc	0.51	seqlen	100
>876	gc	0.47	seqlen	100
>688	gc	0.49	seqlen	100
>1370	gc	0.43	seqlen	100
>582	gc	0.53	seqlen	100
>1513	gc	0.54	seqlen	100
>930	gc	0.59	seqlen	100
